{
    "name": "root",
    "metadata": {
        "timer_format_version": "0.1.0",
        "start_time_seconds": "1713947921",
        "python_version": "3.9.18 (main, Sep 11 2023, 14:09:26) [MSC v.1916 64 bit (AMD64)]",
        "command_line_arguments": "C:\\Users\\Acer\\anaconda3\\envs\\MLAgents\\Scripts\\mlagents-learn config/jumper.yaml --run-id=Jumper1 --force",
        "mlagents_version": "0.30.0",
        "mlagents_envs_version": "0.30.0",
        "communication_protocol_version": "1.5.0",
        "pytorch_version": "1.7.1+cpu",
        "numpy_version": "1.21.2",
        "end_time_seconds": "1713947962"
    },
    "total": 41.5075457,
    "count": 1,
    "self": 0.008806900000003282,
    "children": {
        "run_training.setup": {
            "total": 0.13526630000000006,
            "count": 1,
            "self": 0.13526630000000006
        },
        "TrainerController.start_learning": {
            "total": 41.3634725,
            "count": 1,
            "self": 0.06141519999996348,
            "children": {
                "TrainerController._reset_env": {
                    "total": 9.054329599999999,
                    "count": 1,
                    "self": 9.054329599999999
                },
                "TrainerController.advance": {
                    "total": 32.04403100000003,
                    "count": 1633,
                    "self": 0.05809169999999497,
                    "children": {
                        "env_step": {
                            "total": 31.672780699999993,
                            "count": 1633,
                            "self": 26.781845900000036,
                            "children": {
                                "SubprocessEnvManager._take_step": {
                                    "total": 4.851947000000035,
                                    "count": 1633,
                                    "self": 0.1477121000001418,
                                    "children": {
                                        "TorchPolicy.evaluate": {
                                            "total": 4.704234899999893,
                                            "count": 1592,
                                            "self": 4.704234899999893
                                        }
                                    }
                                },
                                "workers": {
                                    "total": 0.03898779999992463,
                                    "count": 1632,
                                    "self": 0.0,
                                    "children": {
                                        "worker_root": {
                                            "total": 25.872301000000096,
                                            "count": 1632,
                                            "is_parallel": true,
                                            "self": 7.975304600000168,
                                            "children": {
                                                "steps_from_proto": {
                                                    "total": 0.0007818000000003877,
                                                    "count": 1,
                                                    "is_parallel": true,
                                                    "self": 0.0004008000000013112,
                                                    "children": {
                                                        "_process_rank_one_or_two_observation": {
                                                            "total": 0.0003809999999990765,
                                                            "count": 4,
                                                            "is_parallel": true,
                                                            "self": 0.0003809999999990765
                                                        }
                                                    }
                                                },
                                                "UnityEnvironment.step": {
                                                    "total": 17.89621459999993,
                                                    "count": 1632,
                                                    "is_parallel": true,
                                                    "self": 0.23220089999998805,
                                                    "children": {
                                                        "UnityEnvironment._generate_step_input": {
                                                            "total": 0.19557850000004962,
                                                            "count": 1632,
                                                            "is_parallel": true,
                                                            "self": 0.19557850000004962
                                                        },
                                                        "communicator.exchange": {
                                                            "total": 16.571665699999954,
                                                            "count": 1632,
                                                            "is_parallel": true,
                                                            "self": 16.571665699999954
                                                        },
                                                        "steps_from_proto": {
                                                            "total": 0.8967694999999356,
                                                            "count": 1632,
                                                            "is_parallel": true,
                                                            "self": 0.489040299999866,
                                                            "children": {
                                                                "_process_rank_one_or_two_observation": {
                                                                    "total": 0.4077292000000696,
                                                                    "count": 6528,
                                                                    "is_parallel": true,
                                                                    "self": 0.4077292000000696
                                                                }
                                                            }
                                                        }
                                                    }
                                                }
                                            }
                                        }
                                    }
                                }
                            }
                        },
                        "trainer_advance": {
                            "total": 0.3131586000000439,
                            "count": 1632,
                            "self": 0.07073880000001331,
                            "children": {
                                "process_trajectory": {
                                    "total": 0.2424198000000306,
                                    "count": 1632,
                                    "self": 0.2424198000000306
                                }
                            }
                        }
                    }
                },
                "trainer_threads": {
                    "total": 2.500000000793534e-06,
                    "count": 1,
                    "self": 2.500000000793534e-06
                },
                "TrainerController._save_models": {
                    "total": 0.20369420000000105,
                    "count": 1,
                    "self": 0.012697400000000414,