{
    "name": "root",
    "metadata": {
        "timer_format_version": "0.1.0",
        "start_time_seconds": "1713948527",
        "python_version": "3.9.18 (main, Sep 11 2023, 14:09:26) [MSC v.1916 64 bit (AMD64)]",
        "command_line_arguments": "C:\\Users\\Acer\\anaconda3\\envs\\MLAgents\\Scripts\\mlagents-learn config/jumper.yaml --run-id=Jumper1 --force",
        "mlagents_version": "0.30.0",
        "mlagents_envs_version": "0.30.0",
        "communication_protocol_version": "1.5.0",
        "pytorch_version": "1.7.1+cpu",
        "numpy_version": "1.21.2",
        "end_time_seconds": "1713948620"
    },
    "total": 92.9631414,
    "count": 1,
    "self": 0.007841499999997836,
    "children": {
        "run_training.setup": {
            "total": 0.40529749999999964,
            "count": 1,
            "self": 0.40529749999999964
        },
        "TrainerController.start_learning": {
            "total": 92.5500024,
            "count": 1,
            "self": 0.04892099999999289,
            "children": {
                "TrainerController._reset_env": {
                    "total": 9.3738141,
                    "count": 1,
                    "self": 9.3738141
                },
                "TrainerController.advance": {
                    "total": 83.01526700000001,
                    "count": 1034,
                    "self": 0.04512890000007985,
                    "children": {
                        "env_step": {
                            "total": 82.72373969999994,
                            "count": 1034,
                            "self": 80.30243009999981,
                            "children": {
                                "SubprocessEnvManager._take_step": {
                                    "total": 2.390501200000056,
                                    "count": 1034,
                                    "self": 0.11446910000005062,
                                    "children": {
                                        "TorchPolicy.evaluate": {
                                            "total": 2.2760321000000054,
                                            "count": 1009,
                                            "self": 2.2760321000000054
                                        }
                                    }
                                },
                                "workers": {
                                    "total": 0.030808400000074343,
                                    "count": 1033,
                                    "self": 0.0,
                                    "children": {
                                        "worker_root": {
                                            "total": 20.736100899999975,
                                            "count": 1033,
                                            "is_parallel": true,
                                            "self": 4.7945691999999696,
                                            "children": {
                                                "steps_from_proto": {
                                                    "total": 0.000565399999999272,
                                                    "count": 1,
                                                    "is_parallel": true,
                                                    "self": 0.0002662000000004383,
                                                    "children": {
                                                        "_process_rank_one_or_two_observation": {
                                                            "total": 0.00029919999999883373,
                                                            "count": 4,
                                                            "is_parallel": true,
                                                            "self": 0.00029919999999883373
                                                        }
                                                    }
                                                },
                                                "UnityEnvironment.step": {
                                                    "total": 15.940966300000007,
                                                    "count": 1033,
                                                    "is_parallel": true,
                                                    "self": 0.17471119999998308,
                                                    "children": {
                                                        "UnityEnvironment._generate_step_input": {
                                                            "total": 0.12801380000003348,
                                                            "count": 1033,
                                                            "is_parallel": true,
                                                            "self": 0.12801380000003348
                                                        },
                                                        "communicator.exchange": {
                                                            "total": 14.955077599999994,
                                                            "count": 1033,
                                                            "is_parallel": true,
                                                            "self": 14.955077599999994
                                                        },
                                                        "steps_from_proto": {
                                                            "total": 0.6831636999999962,
                                                            "count": 1033,
                                                            "is_parallel": true,
                                                            "self": 0.3746551,
                                                            "children": {
                                                                "_process_rank_one_or_two_observation": {
                                                                    "total": 0.30850859999999614,
                                                                    "count": 4132,
                                                                    "is_parallel": true,
                                                                    "self": 0.30850859999999614
                                                                }
                                                            }
                                                        }
                                                    }
                                                }
                                            }
                                        }
                                    }
                                }
                            }
                        },
                        "trainer_advance": {
                            "total": 0.24639839999998614,
                            "count": 1033,
                            "self": 0.05301910000003218,
                            "children": {
                                "process_trajectory": {
                                    "total": 0.19337929999995396,
                                    "count": 1033,
                                    "self": 0.19337929999995396
                                }
                            }
                        }
                    }
                },
                "TrainerController._save_models": {
                    "total": 0.11200029999999117,
                    "count": 1,
                    "self": 0.012568500000000427,
                    "children": {
                        "RLTrainer._checkpoint": {
                            "total": 0.09943179999999074,
                            "count": 1,