{
    "name": "root",
    "metadata": {
        "timer_format_version": "0.1.0",
        "start_time_seconds": "1713959907",
        "python_version": "3.9.18 (main, Sep 11 2023, 14:09:26) [MSC v.1916 64 bit (AMD64)]",
        "command_line_arguments": "C:\\Users\\Acer\\anaconda3\\envs\\MLAgents\\Scripts\\mlagents-learn config/jumper.yaml --run-id=Jumper1 --resume",
        "mlagents_version": "0.30.0",
        "mlagents_envs_version": "0.30.0",
        "communication_protocol_version": "1.5.0",
        "pytorch_version": "1.7.1+cpu",
        "numpy_version": "1.21.2",
        "end_time_seconds": "1713959984"
    },
    "total": 76.3105048,
    "count": 1,
    "self": 10.020289000000005,
    "children": {
        "run_training.setup": {
            "total": 0.1544791000000001,
            "count": 1,
            "self": 0.1544791000000001
        },
        "TrainerController.start_learning": {
            "total": 66.1357367,
            "count": 1,
            "self": 0.07907570000008945,
            "children": {
                "TrainerController._reset_env": {
                    "total": 13.2615233,
                    "count": 1,
                    "self": 13.2615233
                },
                "TrainerController.advance": {
                    "total": 52.47273739999991,
                    "count": 1343,
                    "self": 0.07721589999979273,
                    "children": {
                        "env_step": {
                            "total": 51.96420630000008,
                            "count": 1343,
                            "self": 46.34062729999975,
                            "children": {
                                "SubprocessEnvManager._take_step": {
                                    "total": 5.571620200000069,
                                    "count": 1344,
                                    "self": 0.21835729999999565,
                                    "children": {
                                        "TorchPolicy.evaluate": {
                                            "total": 5.3532629000000735,
                                            "count": 1344,
                                            "self": 5.3532629000000735
                                        }
                                    }
                                },
                                "workers": {
                                    "total": 0.05195880000025355,
                                    "count": 1342,
                                    "self": 0.0,
                                    "children": {
                                        "worker_root": {
                                            "total": 37.57313939999999,
                                            "count": 1342,
                                            "is_parallel": true,
                                            "self": 9.84972049999999,
                                            "children": {
                                                "steps_from_proto": {
                                                    "total": 0.0026111999999987034,
                                                    "count": 2,
                                                    "is_parallel": true,
                                                    "self": 0.0015089999999986503,
                                                    "children": {
                                                        "_process_rank_one_or_two_observation": {
                                                            "total": 0.0011022000000000531,
                                                            "count": 8,
                                                            "is_parallel": true,
                                                            "self": 0.0011022000000000531
                                                        }
                                                    }
                                                },
                                                "UnityEnvironment.step": {
                                                    "total": 27.7208077,
                                                    "count": 1342,
                                                    "is_parallel": true,
                                                    "self": 0.33512150000000673,
                                                    "children": {
                                                        "UnityEnvironment._generate_step_input": {
                                                            "total": 0.271382699999954,
                                                            "count": 1342,
                                                            "is_parallel": true,
                                                            "self": 0.271382699999954
                                                        },
                                                        "communicator.exchange": {
                                                            "total": 25.827404400000056,
                                                            "count": 1342,
                                                            "is_parallel": true,
                                                            "self": 25.827404400000056
                                                        },
                                                        "steps_from_proto": {
                                                            "total": 1.2868990999999852,
                                                            "count": 1342,
                                                            "is_parallel": true,
                                                            "self": 0.7031235000000073,
                                                            "children": {
                                                                "_process_rank_one_or_two_observation": {
                                                                    "total": 0.5837755999999779,
                                                                    "count": 5368,
                                                                    "is_parallel": true,
                                                                    "self": 0.5837755999999779
                                                                }
                                                            }
                                                        }
                                                    }
                                                }
                                            }
                                        }
                                    }
                                }
                            }
                        },
                        "trainer_advance": {
                            "total": 0.431315200000034,
                            "count": 1342,
                            "self": 0.08629099999992285,
                            "children": {
                                "process_trajectory": {
                                    "total": 0.34502420000011114,
                                    "count": 1342,
                                    "self": 0.34502420000011114
                                }
                            }
                        }
                    }
                },
                "trainer_threads": {
                    "total": 1.6000000044869012e-06,
                    "count": 1,
                    "self": 1.6000000044869012e-06
                },
                "TrainerController._save_models": {
                    "total": 0.3223986999999937,
                    "count": 1,
                    "self": 0.021939399999993725,
                    "children": {
                        "RLTrainer._checkpoint": {
                            "total": 0.3004593,